3869	shop-organisation	Shop Organisation	Tools, Spaces, Robots, and Widgets	6
4832	resumes	Resumes	Business	2
3832	neck-reset-database	Neck Reset Database	Repair and Restoration	18
50121	stewmac	StewMac	Sponsor Fourms	0
34046	total-vise	Total Vise	Sponsor Fourms	1
3820	electric-2	Electric Repair	Repair and Restoration	38
3863	3d-printing	3D Printing	Tools, Spaces, Robots, and Widgets	13
4052	suggestion-box-bug-reporting	Suggestion Box / Bug Reporting		4
60681	ohio-local-looths	Ohio Local Looths		1
7544	plek-machine	PLEK Machine	Tools, Spaces, Robots, and Widgets	0
3849	amps-pickups-and-pedals	Amps, Pickups, and Pedals	New Builds	0
15865	customer-relations	Customer Relations	Business	1
3835	folk-bluegrass-irish-old-time-instruments	Folk, Bluegrass, Irish, Old Time Instruments	Repair and Restoration	5
43277	touring-tech	Touring Tech	Repair and Restoration	2
3860	cnc	CNC	Tools, Spaces, Robots, and Widgets	3
67776	strings-micro-factory	Strings Micro Factory	Sponsor Fourms	1
3837	general	General	Repair and Restoration	40
7551	sell-sell-sell	SELL! SELL! SELL!	Market Place	9
3826	amps-pickups-and-pedals	Amps, Pickups, and Pedals	Repair and Restoration	6
3823	acoustic	Acoustic Repair	Repair and Restoration	87
4829	job-postings	Job Postings	Business	6
3842	electric	Electric Builds	New Builds	13
58199	go-acoustic-audio	Go Acoustic Audio	Sponsor Fourms	1
7549	buy-buy-buy	BUY! BUY! BUY!	Market Place	7
3852	folk-bluegrass-irish-old-time-instruments	Folk, Bluegrass, Irish, Old Time Instruments	New Builds	2
3829	finish	Finish Repair	Repair and Restoration	24
45915	share-your-repair-content	Share Your Repair Content	Repair and Restoration	9
58440	middle-tennessee-looths	Middle Tennessee Looths		0
3854	design-and-testing	Design and Testing	New Builds	9
15862	paper-work-and-drudgery	Paper Work and Drudgery	Business	0
3847	finish	Finish New Builds	New Builds	13
3845	acoustic	Acoustic Builds	New Builds	37
3866	cad-cam	CAD/CAM	Tools, Spaces, Robots, and Widgets	10
60683	basque-country-looths	Basque Country Looths		1
45919	share-your-new-builds-content	Share Your New Builds Content	New Builds	3
15868	general-buisness	General Business	Business	11
3871	tools-and-jigs	Tools and Jigs	Tools, Spaces, Robots, and Widgets	14
