conn_id	requester_uuid	addressee_uuid	status	created_at
21257	f20ad778-1e5e-5508-853b-ad928c499f2f	aa7c41b6-7c70-5bcc-85c2-bd2be9cd07e7	pending	2026-07-27 21:31:28.028672+00
21265	f20ad778-1e5e-5508-853b-ad928c499f2f	8b657748-2754-5393-a1a8-9488d48e894f	pending	2026-07-27 21:31:45.369451+00
21268	f20ad778-1e5e-5508-853b-ad928c499f2f	bb581485-df8f-56a8-87d8-35539026d664	pending	2026-07-27 21:33:50.386905+00
21269	f20ad778-1e5e-5508-853b-ad928c499f2f	46f85582-05a7-5bdd-bcb7-48842ddb5a05	pending	2026-07-27 21:33:51.404848+00
21270	f20ad778-1e5e-5508-853b-ad928c499f2f	cb3ef8cd-31ee-59c4-9e91-f7125fb0d191	pending	2026-07-27 21:33:52.143572+00
21272	f20ad778-1e5e-5508-853b-ad928c499f2f	1a17bd5f-e197-5b99-84dd-202728f7359e	pending	2026-07-27 21:33:54.71675+00
21274	f20ad778-1e5e-5508-853b-ad928c499f2f	00529b9c-0c53-559e-b4e2-f72a196d9a2a	pending	2026-07-27 21:33:56.789012+00
21275	f20ad778-1e5e-5508-853b-ad928c499f2f	108002e3-5b9e-5377-aa00-99908e47e5c2	pending	2026-07-27 21:33:57.694723+00
21276	f20ad778-1e5e-5508-853b-ad928c499f2f	3dc8607d-fc22-5e54-aecb-3e0bbe87e385	pending	2026-07-27 21:33:59.989762+00
21277	f20ad778-1e5e-5508-853b-ad928c499f2f	c3567b65-9e49-5caa-8d17-5d87dab13c32	pending	2026-07-27 21:34:00.779951+00
21280	f20ad778-1e5e-5508-853b-ad928c499f2f	5247ac7f-b46c-5937-8e55-f91967efec43	pending	2026-07-27 21:34:03.942062+00
21283	f20ad778-1e5e-5508-853b-ad928c499f2f	afeffd27-9d3d-573b-b85a-f86010bf2e9c	pending	2026-07-27 21:34:11.579758+00
21284	f20ad778-1e5e-5508-853b-ad928c499f2f	fb341eef-be46-5383-9a46-38896f1bfd84	pending	2026-07-27 21:34:12.359153+00
21285	f20ad778-1e5e-5508-853b-ad928c499f2f	ac93c62f-da4a-5e5c-8c5f-bb49b22bda34	pending	2026-07-27 21:34:13.149456+00
21286	f20ad778-1e5e-5508-853b-ad928c499f2f	35b48003-f0bb-56b9-b216-8bc2178a8f9c	pending	2026-07-27 21:34:13.936613+00
21287	f20ad778-1e5e-5508-853b-ad928c499f2f	86db4fef-189c-599d-b80b-7ada26d9907c	pending	2026-07-27 21:34:16.661839+00
21288	f20ad778-1e5e-5508-853b-ad928c499f2f	caf47785-932a-5cfd-b1a7-c5a35d8a9fe8	pending	2026-07-27 21:34:17.345244+00
21289	f20ad778-1e5e-5508-853b-ad928c499f2f	15c79cc5-1609-593a-987d-17452477f743	pending	2026-07-27 21:34:18.618321+00
21290	f20ad778-1e5e-5508-853b-ad928c499f2f	e8156818-5ff5-5217-8084-0973bb9f1360	pending	2026-07-27 21:34:19.440374+00
21293	f20ad778-1e5e-5508-853b-ad928c499f2f	d72a8938-a318-5e54-810c-cbc2254dfb71	pending	2026-07-27 21:34:22.320198+00
21296	f20ad778-1e5e-5508-853b-ad928c499f2f	4800f7cc-e1d8-586e-bbe4-31dbef75d78f	pending	2026-07-27 21:34:25.350065+00
21298	f20ad778-1e5e-5508-853b-ad928c499f2f	3d8ddd3c-dc05-59ae-8a19-06c5f09328bc	pending	2026-07-27 21:34:27.345548+00
21300	f20ad778-1e5e-5508-853b-ad928c499f2f	8b3dcdda-6d73-5a5d-b2c9-a74f49d5e98b	pending	2026-07-27 21:34:29.390715+00
