legacy_id	wp_requester	wp_addressee	requester_uuid	addressee_uuid	created_at
96	84	4	44437c81-4f0e-5d15-951f-96235faa23bc	4d8bc072-b862-53c8-8087-33912a0dedf9	2023-06-20 11:14:25
124	21	84	1286bc83-c9c5-56d4-b803-042e5c04a9b4	44437c81-4f0e-5d15-951f-96235faa23bc	2023-06-21 04:48:27
99	84	69	44437c81-4f0e-5d15-951f-96235faa23bc	fd83caaa-c213-5544-ae8b-b9bcdee13b21	2023-06-21 15:57:15
97	84	9	44437c81-4f0e-5d15-951f-96235faa23bc	c96fae45-fa27-57de-8f83-0df076bfb1a1	2023-06-30 10:51:09
357	69	216	fd83caaa-c213-5544-ae8b-b9bcdee13b21	db7529b5-2567-5d27-897a-82023665cb24	2023-07-03 18:34:34
541	303	237	2cddf5ac-024a-5664-8f48-99572433a9e5	2ebd15c8-3b3e-5e22-af3d-ad0438f4afe2	2023-08-01 18:42:18
100	84	8	44437c81-4f0e-5d15-951f-96235faa23bc	6b3cd71f-54ba-53bb-b59f-3bb01ba836a7	2023-08-11 15:22:59
779	321	218	309bcb16-6b53-524c-9bd1-1eb76957be4d	ad9c1800-c882-58f7-b309-478cd89eef6d	2023-08-29 14:19:39
1293	4	218	4d8bc072-b862-53c8-8087-33912a0dedf9	ad9c1800-c882-58f7-b309-478cd89eef6d	2023-08-29 22:12:13
918	321	195	309bcb16-6b53-524c-9bd1-1eb76957be4d	bdf872ea-7e1e-5334-af7c-2ff76cdd8d46	2023-08-31 23:40:25
1381	4	374	4d8bc072-b862-53c8-8087-33912a0dedf9	1d4aee3c-715c-5c35-acb1-1b1f37311c27	2023-09-03 18:05:12
1071	59	325	d54a69f7-ac56-5e81-bf7c-2a51130b59d1	70849009-16c6-5fd7-a8c0-b08f74708c4a	2023-09-06 18:26:03
741	321	325	309bcb16-6b53-524c-9bd1-1eb76957be4d	70849009-16c6-5fd7-a8c0-b08f74708c4a	2023-09-06 18:26:07
1214	75	84	4e0148ca-cb19-5f43-ac7c-130dc4fe9fc2	44437c81-4f0e-5d15-951f-96235faa23bc	2023-09-21 04:57:21
939	321	84	309bcb16-6b53-524c-9bd1-1eb76957be4d	44437c81-4f0e-5d15-951f-96235faa23bc	2023-09-21 04:57:24
1277	374	112	1d4aee3c-715c-5c35-acb1-1b1f37311c27	262bfc12-8dba-556c-83d2-24264eb70068	2023-09-22 15:53:43
1564	84	206	44437c81-4f0e-5d15-951f-96235faa23bc	0d5ee1bf-fcc7-57a1-92a8-129241c04b9b	2023-09-27 15:37:30
1562	84	386	44437c81-4f0e-5d15-951f-96235faa23bc	ec4fa090-3a75-5a14-b01e-89390ac4380c	2023-09-29 16:39:31
1575	84	40	44437c81-4f0e-5d15-951f-96235faa23bc	65f1a19e-5757-524d-bee0-57910537736f	2023-09-30 21:40:07
724	321	242	309bcb16-6b53-524c-9bd1-1eb76957be4d	1f2f0a42-7e2c-5047-a87b-0195d6ca1781	2023-10-07 18:42:17
1563	84	94	44437c81-4f0e-5d15-951f-96235faa23bc	3aa726b4-2e73-59e9-9741-0894df80837a	2023-10-16 18:44:51
1712	561	529	5304799f-3336-5fc0-aa2e-627f88822694	3ebab183-ff0a-587c-a891-85b8d4340ae6	2023-10-22 21:43:10
1688	4	529	4d8bc072-b862-53c8-8087-33912a0dedf9	3ebab183-ff0a-587c-a891-85b8d4340ae6	2023-10-22 21:43:12
1569	84	137	44437c81-4f0e-5d15-951f-96235faa23bc	7bace71d-82c5-5910-8f21-fcd738c14438	2023-11-02 10:30:07
1741	561	439	5304799f-3336-5fc0-aa2e-627f88822694	bbed65f9-964f-555a-8116-5039399e83f8	2023-11-02 17:09:13
1572	84	135	44437c81-4f0e-5d15-951f-96235faa23bc	0b017330-f4da-5283-9771-b16cfb7b0c44	2023-11-06 19:25:18
1644	532	135	1b42cfe1-1395-5082-998c-d69a0750010e	0b017330-f4da-5283-9771-b16cfb7b0c44	2023-11-06 19:25:21
1646	532	42	1b42cfe1-1395-5082-998c-d69a0750010e	626b0e10-031a-58e5-baf5-0214f3028f8f	2023-11-08 00:55:35
1651	532	114	1b42cfe1-1395-5082-998c-d69a0750010e	8a8dd6e0-80b7-5721-8adf-64800605e7a7	2023-11-11 03:12:49
1566	84	114	44437c81-4f0e-5d15-951f-96235faa23bc	8a8dd6e0-80b7-5721-8adf-64800605e7a7	2023-11-11 03:12:51
1571	84	288	44437c81-4f0e-5d15-951f-96235faa23bc	3d9196ad-3085-5bec-ba42-e02f4c48fa7e	2023-11-19 14:05:18
1574	84	15	44437c81-4f0e-5d15-951f-96235faa23bc	65d4d6f6-876e-5499-96aa-c13ef73ef961	2023-11-29 00:52:42
951	321	216	309bcb16-6b53-524c-9bd1-1eb76957be4d	db7529b5-2567-5d27-897a-82023665cb24	2023-12-19 09:03:35
1215	75	216	4e0148ca-cb19-5f43-ac7c-130dc4fe9fc2	db7529b5-2567-5d27-897a-82023665cb24	2023-12-19 09:03:36
1169	225	216	ed73975f-9fa7-5f68-b924-d500dcecedb9	db7529b5-2567-5d27-897a-82023665cb24	2023-12-19 09:03:37
1647	532	349	1b42cfe1-1395-5082-998c-d69a0750010e	8f2400eb-7739-51a3-acbd-b57c99b68053	2023-12-20 11:35:49
1803	130	506	28950a66-4337-5c7b-87b5-cb0c03429e9b	241c12b3-e752-5dd1-a6e8-69c1b3cdf54e	2023-12-22 16:42:34
2170	195	222	bdf872ea-7e1e-5334-af7c-2ff76cdd8d46	6c04a887-f31e-5ee6-a79b-06f57a62949c	2024-02-05 18:19:07
2238	735	218	1ccc5742-6683-5ce4-a41b-48882b0e481d	ad9c1800-c882-58f7-b309-478cd89eef6d	2024-02-16 03:11:41
2244	735	135	1ccc5742-6683-5ce4-a41b-48882b0e481d	0b017330-f4da-5283-9771-b16cfb7b0c44	2024-02-17 00:29:12
2234	735	44	1ccc5742-6683-5ce4-a41b-48882b0e481d	9e24f7ca-bee2-5b61-b50c-4f476d83c7bc	2024-02-18 19:19:48
1645	532	92	1b42cfe1-1395-5082-998c-d69a0750010e	9100eb89-f02b-5ead-b9e8-4ccaa3de0b3a	2024-02-29 18:14:30
2242	735	364	1ccc5742-6683-5ce4-a41b-48882b0e481d	b98cd83a-95cb-57ec-8f9c-857709b4f125	2024-03-06 22:05:28
2330	775	321	ddf77a3f-fd93-569e-b8b5-a939a027c3de	309bcb16-6b53-524c-9bd1-1eb76957be4d	2024-03-07 14:27:05
2255	735	241	1ccc5742-6683-5ce4-a41b-48882b0e481d	df87ffa1-daf2-5324-9bee-dcdd2a63c625	2024-03-08 19:10:55
928	321	241	309bcb16-6b53-524c-9bd1-1eb76957be4d	df87ffa1-daf2-5324-9bee-dcdd2a63c625	2024-03-08 19:10:57
2226	735	206	1ccc5742-6683-5ce4-a41b-48882b0e481d	0d5ee1bf-fcc7-57a1-92a8-129241c04b9b	2024-03-17 16:48:55
2233	735	590	1ccc5742-6683-5ce4-a41b-48882b0e481d	0297054d-178c-5fdc-a5e5-c7a4c4a7b27b	2024-03-19 17:11:23
1085	59	303	d54a69f7-ac56-5e81-bf7c-2a51130b59d1	2cddf5ac-024a-5664-8f48-99572433a9e5	2024-03-19 19:01:32
2721	16	303	74cd75bc-0ba3-551f-bfe1-62e1b27472af	2cddf5ac-024a-5664-8f48-99572433a9e5	2024-03-19 19:01:37
774	321	303	309bcb16-6b53-524c-9bd1-1eb76957be4d	2cddf5ac-024a-5664-8f48-99572433a9e5	2024-03-19 19:01:42
1643	532	8	1b42cfe1-1395-5082-998c-d69a0750010e	6b3cd71f-54ba-53bb-b59f-3bb01ba836a7	2024-03-19 21:30:32
2231	735	8	1ccc5742-6683-5ce4-a41b-48882b0e481d	6b3cd71f-54ba-53bb-b59f-3bb01ba836a7	2024-03-19 21:30:49
1930	380	527	411d6326-1d0d-53f7-8aca-cbf3d2c0d8a4	d97c936f-6de2-5cef-a6b7-4c4688c3ccc0	2024-03-26 21:49:33
2759	16	527	74cd75bc-0ba3-551f-bfe1-62e1b27472af	d97c936f-6de2-5cef-a6b7-4c4688c3ccc0	2024-03-26 21:49:39
2401	16	676	74cd75bc-0ba3-551f-bfe1-62e1b27472af	82dcb617-3891-50ef-ae09-226c95f5f3c4	2024-03-29 11:25:35
2232	735	726	1ccc5742-6683-5ce4-a41b-48882b0e481d	e7a250f4-f827-5673-b404-72c0ed29e0bd	2024-03-31 00:03:48
2731	16	670	74cd75bc-0ba3-551f-bfe1-62e1b27472af	5552764f-fe74-542a-bd55-cb6e858923d7	2024-04-08 13:31:57
2223	735	85	1ccc5742-6683-5ce4-a41b-48882b0e481d	3576f8a0-1cc6-5e8a-ae4a-16ec7e9a1042	2024-05-02 08:58:54
2329	775	135	ddf77a3f-fd93-569e-b8b5-a939a027c3de	0b017330-f4da-5283-9771-b16cfb7b0c44	2024-05-06 00:13:48
2998	16	848	74cd75bc-0ba3-551f-bfe1-62e1b27472af	cd3fd2a2-2c64-5da1-a36f-391be928e24a	2024-05-07 15:03:30
3048	16	505	74cd75bc-0ba3-551f-bfe1-62e1b27472af	c53b758e-441f-5daa-906f-6d8d289c4c6b	2024-05-10 15:42:37
2324	775	565	ddf77a3f-fd93-569e-b8b5-a939a027c3de	2a48e28f-2699-5dbf-b064-fa7c16c52e05	2024-05-11 15:43:59
2239	735	607	1ccc5742-6683-5ce4-a41b-48882b0e481d	57988cd4-8150-5f77-bf0a-8cbbe781d79f	2024-05-11 15:47:53
2254	735	391	1ccc5742-6683-5ce4-a41b-48882b0e481d	9daa2f32-12b7-5900-8bb4-fd37c45a4acd	2024-05-13 10:22:18
2325	775	349	ddf77a3f-fd93-569e-b8b5-a939a027c3de	8f2400eb-7739-51a3-acbd-b57c99b68053	2024-05-13 15:43:55
2252	735	334	1ccc5742-6683-5ce4-a41b-48882b0e481d	8bec3061-b495-555d-961b-a3bf96e42592	2024-05-13 17:43:45
4011	596	505	143a8a92-c39c-5d8b-8891-d76d612071b1	c53b758e-441f-5daa-906f-6d8d289c4c6b	2024-05-14 21:41:01
3134	16	675	74cd75bc-0ba3-551f-bfe1-62e1b27472af	c00bdccb-6430-5699-916c-2b59639e74a7	2024-05-16 21:28:11
2243	735	446	1ccc5742-6683-5ce4-a41b-48882b0e481d	69e461e6-3869-5a30-83dc-3d964b6843c3	2024-06-03 22:31:38
1648	532	458	1b42cfe1-1395-5082-998c-d69a0750010e	2ad1d6fe-4b9a-5a86-b700-f8ae21a5c263	2024-06-07 16:39:46
2332	775	504	ddf77a3f-fd93-569e-b8b5-a939a027c3de	eac3440d-a6e1-5c9c-b235-de64806adc11	2024-06-11 12:11:23
4286	9	898	c96fae45-fa27-57de-8f83-0df076bfb1a1	46ea038d-8202-5e91-a338-9a868809e446	2024-06-15 14:39:46
2877	819	92	31eefd65-9883-5fcc-a0a3-155e4841a90e	9100eb89-f02b-5ead-b9e8-4ccaa3de0b3a	2024-06-22 15:57:12
2224	735	29	1ccc5742-6683-5ce4-a41b-48882b0e481d	72ff69d9-10c8-5d81-a1c8-c1758d3038b3	2024-06-25 00:12:25
1776	130	532	28950a66-4337-5c7b-87b5-cb0c03429e9b	1b42cfe1-1395-5082-998c-d69a0750010e	2024-06-26 20:25:46
3180	630	532	f567e5ed-dfe7-54eb-9e3c-d8788ce5135f	1b42cfe1-1395-5082-998c-d69a0750010e	2024-06-26 20:25:47
3031	16	532	74cd75bc-0ba3-551f-bfe1-62e1b27472af	1b42cfe1-1395-5082-998c-d69a0750010e	2024-06-26 20:25:53
4392	9	670	c96fae45-fa27-57de-8f83-0df076bfb1a1	5552764f-fe74-542a-bd55-cb6e858923d7	2024-06-29 20:23:33
3988	596	195	143a8a92-c39c-5d8b-8891-d76d612071b1	bdf872ea-7e1e-5334-af7c-2ff76cdd8d46	2024-07-07 18:50:36
2309	92	195	9100eb89-f02b-5ead-b9e8-4ccaa3de0b3a	bdf872ea-7e1e-5334-af7c-2ff76cdd8d46	2024-07-07 18:50:38
2362	16	195	74cd75bc-0ba3-551f-bfe1-62e1b27472af	bdf872ea-7e1e-5334-af7c-2ff76cdd8d46	2024-07-07 18:50:42
4457	195	8	bdf872ea-7e1e-5334-af7c-2ff76cdd8d46	6b3cd71f-54ba-53bb-b59f-3bb01ba836a7	2024-07-07 19:14:35
4455	195	4	bdf872ea-7e1e-5334-af7c-2ff76cdd8d46	4d8bc072-b862-53c8-8087-33912a0dedf9	2024-07-07 19:22:28
4465	195	717	bdf872ea-7e1e-5334-af7c-2ff76cdd8d46	99d519ed-846c-5295-8d47-44a74537f8f8	2024-07-07 19:53:01
4466	195	135	bdf872ea-7e1e-5334-af7c-2ff76cdd8d46	0b017330-f4da-5283-9771-b16cfb7b0c44	2024-07-07 21:04:00
4472	195	349	bdf872ea-7e1e-5334-af7c-2ff76cdd8d46	8f2400eb-7739-51a3-acbd-b57c99b68053	2024-07-08 10:42:50
4459	195	32	bdf872ea-7e1e-5334-af7c-2ff76cdd8d46	cb9632b7-47cb-53de-851e-6edcd530e7d6	2024-07-08 18:43:36
4461	195	94	bdf872ea-7e1e-5334-af7c-2ff76cdd8d46	3aa726b4-2e73-59e9-9741-0894df80837a	2024-07-13 15:20:08
4464	195	613	bdf872ea-7e1e-5334-af7c-2ff76cdd8d46	bd3c1d8e-6e50-5596-babc-1e4568e49327	2024-07-13 19:35:45
3022	16	855	74cd75bc-0ba3-551f-bfe1-62e1b27472af	2467936f-4354-5825-a17b-f267a93d5ba8	2024-07-18 02:05:17
4475	195	744	bdf872ea-7e1e-5334-af7c-2ff76cdd8d46	52738710-cb3d-5716-b991-506917b0bfcf	2024-07-20 10:14:28
4458	195	9	bdf872ea-7e1e-5334-af7c-2ff76cdd8d46	c96fae45-fa27-57de-8f83-0df076bfb1a1	2024-07-24 19:08:15
4473	195	897	bdf872ea-7e1e-5334-af7c-2ff76cdd8d46	6da42938-072e-5e8a-8d7f-270ee3e2a46f	2024-07-24 20:42:56
4462	195	481	bdf872ea-7e1e-5334-af7c-2ff76cdd8d46	187057e7-2940-5683-a590-d1241d6c1fc5	2024-07-30 17:27:18
4471	195	458	bdf872ea-7e1e-5334-af7c-2ff76cdd8d46	2ad1d6fe-4b9a-5a86-b700-f8ae21a5c263	2024-08-01 13:06:58
4454	195	155	bdf872ea-7e1e-5334-af7c-2ff76cdd8d46	a8a06a20-b651-546b-86bc-f39e521fd7a9	2024-08-01 15:36:40
4467	195	15	bdf872ea-7e1e-5334-af7c-2ff76cdd8d46	65d4d6f6-876e-5499-96aa-c13ef73ef961	2024-08-06 19:50:16
4560	9	505	c96fae45-fa27-57de-8f83-0df076bfb1a1	c53b758e-441f-5daa-906f-6d8d289c4c6b	2024-08-08 21:58:26
4679	9	675	c96fae45-fa27-57de-8f83-0df076bfb1a1	c00bdccb-6430-5699-916c-2b59639e74a7	2024-08-18 20:52:29
4460	195	114	bdf872ea-7e1e-5334-af7c-2ff76cdd8d46	8a8dd6e0-80b7-5721-8adf-64800605e7a7	2024-08-21 19:40:13
4513	9	953	c96fae45-fa27-57de-8f83-0df076bfb1a1	32511023-a82b-57b5-894f-c774ffec2ecc	2024-08-22 15:29:53
1884	18	325	0ccd7d9c-d4c7-52aa-b170-a116631f0a42	70849009-16c6-5fd7-a8c0-b08f74708c4a	2024-08-23 03:11:41
4839	9	325	c96fae45-fa27-57de-8f83-0df076bfb1a1	70849009-16c6-5fd7-a8c0-b08f74708c4a	2024-08-23 03:11:44
3144	16	325	74cd75bc-0ba3-551f-bfe1-62e1b27472af	70849009-16c6-5fd7-a8c0-b08f74708c4a	2024-08-23 03:11:47
1912	595	325	e2e4a4c1-3884-5746-934e-5188c7da9165	70849009-16c6-5fd7-a8c0-b08f74708c4a	2024-08-23 03:11:50
4469	195	257	bdf872ea-7e1e-5334-af7c-2ff76cdd8d46	93d765e1-f0c8-5e8b-9fd4-5868ccf801bc	2024-09-01 11:52:04
4902	8	953	6b3cd71f-54ba-53bb-b59f-3bb01ba836a7	32511023-a82b-57b5-894f-c774ffec2ecc	2024-09-05 15:32:17
4481	779	954	0bb63e28-a713-5a52-ac6f-fb8108f7f670	0f1dd09e-18ae-58d7-856f-44a65c11a631	2024-09-05 15:44:48
4901	8	954	6b3cd71f-54ba-53bb-b59f-3bb01ba836a7	0f1dd09e-18ae-58d7-856f-44a65c11a631	2024-09-05 15:44:53
4538	9	954	c96fae45-fa27-57de-8f83-0df076bfb1a1	0f1dd09e-18ae-58d7-856f-44a65c11a631	2024-09-05 15:45:01
2518	16	351	74cd75bc-0ba3-551f-bfe1-62e1b27472af	4c5deca3-9790-5762-a3d1-84e9e71503bc	2024-09-05 16:08:02
3090	16	374	74cd75bc-0ba3-551f-bfe1-62e1b27472af	1d4aee3c-715c-5c35-acb1-1b1f37311c27	2024-09-06 00:46:23
4456	195	346	bdf872ea-7e1e-5334-af7c-2ff76cdd8d46	600371c4-22ba-5a83-be06-c31fd1b11a1c	2024-09-09 22:09:00
2240	735	647	1ccc5742-6683-5ce4-a41b-48882b0e481d	fd7dac02-fc95-5b92-b6a8-4724b4278137	2024-09-10 23:31:02
6327	135	374	0b017330-f4da-5283-9771-b16cfb7b0c44	1d4aee3c-715c-5c35-acb1-1b1f37311c27	2024-09-11 02:11:51
2253	735	314	1ccc5742-6683-5ce4-a41b-48882b0e481d	15c2e9c5-76ad-5b5a-a43c-9115ea8c52cd	2024-09-11 02:17:19
6172	135	216	0b017330-f4da-5283-9771-b16cfb7b0c44	db7529b5-2567-5d27-897a-82023665cb24	2024-09-11 18:10:52
5977	135	529	0b017330-f4da-5283-9771-b16cfb7b0c44	3ebab183-ff0a-587c-a891-85b8d4340ae6	2024-09-11 18:23:01
2222	735	207	1ccc5742-6683-5ce4-a41b-48882b0e481d	db86da78-29b9-52e1-a50a-9ebe90d2f107	2024-09-11 18:35:19
6532	1035	135	5e113d10-4928-5a5a-aa0d-2aee5332c4cb	0b017330-f4da-5283-9771-b16cfb7b0c44	2024-09-11 18:45:23
5366	4	953	4d8bc072-b862-53c8-8087-33912a0dedf9	32511023-a82b-57b5-894f-c774ffec2ecc	2024-09-11 19:04:37
5562	135	953	0b017330-f4da-5283-9771-b16cfb7b0c44	32511023-a82b-57b5-894f-c774ffec2ecc	2024-09-11 19:04:39
6544	9	216	c96fae45-fa27-57de-8f83-0df076bfb1a1	db7529b5-2567-5d27-897a-82023665cb24	2024-09-11 20:36:42
6537	1035	56	5e113d10-4928-5a5a-aa0d-2aee5332c4cb	bb452d85-331f-5d6c-9597-1ebd00dcc8ad	2024-09-11 21:49:13
6535	1035	441	5e113d10-4928-5a5a-aa0d-2aee5332c4cb	35ed23a9-5ab3-50e0-bc3a-eb2c797fc9a9	2024-09-12 15:29:26
2245	735	434	1ccc5742-6683-5ce4-a41b-48882b0e481d	5c942081-9638-53fe-bfdd-38249d93311f	2024-09-12 16:05:44
6538	1035	53	5e113d10-4928-5a5a-aa0d-2aee5332c4cb	9c315275-d3b3-58da-931b-d95848133b10	2024-09-12 22:51:16
2878	819	564	31eefd65-9883-5fcc-a0a3-155e4841a90e	bbf3626d-f75a-59d4-9f3e-865d255b6152	2024-09-13 11:28:09
5846	135	670	0b017330-f4da-5283-9771-b16cfb7b0c44	5552764f-fe74-542a-bd55-cb6e858923d7	2024-09-14 09:24:07
6515	9	374	c96fae45-fa27-57de-8f83-0df076bfb1a1	1d4aee3c-715c-5c35-acb1-1b1f37311c27	2024-09-14 13:38:13
7018	596	953	143a8a92-c39c-5d8b-8891-d76d612071b1	32511023-a82b-57b5-894f-c774ffec2ecc	2024-09-16 16:52:55
6943	596	1035	143a8a92-c39c-5d8b-8891-d76d612071b1	5e113d10-4928-5a5a-aa0d-2aee5332c4cb	2024-09-17 07:17:45
7128	1035	145	5e113d10-4928-5a5a-aa0d-2aee5332c4cb	1074982c-f5a9-5285-904b-a7ca9f735e2f	2024-09-18 23:00:36
5949	135	563	0b017330-f4da-5283-9771-b16cfb7b0c44	5350f400-052f-5f01-80ff-9d5e9a57c8fe	2024-09-19 00:55:51
6632	9	471	c96fae45-fa27-57de-8f83-0df076bfb1a1	8f803178-3808-5a98-95f8-d125da7362b7	2024-09-24 01:49:49
6430	135	471	0b017330-f4da-5283-9771-b16cfb7b0c44	8f803178-3808-5a98-95f8-d125da7362b7	2024-09-24 01:49:52
2535	16	471	74cd75bc-0ba3-551f-bfe1-62e1b27472af	8f803178-3808-5a98-95f8-d125da7362b7	2024-09-24 01:49:56
7271	9	1065	c96fae45-fa27-57de-8f83-0df076bfb1a1	5658cc50-9f70-56f5-a086-1dbb955aec70	2024-09-25 21:03:54
1567	84	244	44437c81-4f0e-5d15-951f-96235faa23bc	f287ac86-0557-545a-9481-4f4ad1fcabb8	2024-09-26 02:46:12
6223	135	242	0b017330-f4da-5283-9771-b16cfb7b0c44	1f2f0a42-7e2c-5047-a87b-0195d6ca1781	2024-09-29 18:43:41
5151	9	242	c96fae45-fa27-57de-8f83-0df076bfb1a1	1f2f0a42-7e2c-5047-a87b-0195d6ca1781	2024-09-29 18:43:42
4128	301	242	673d9302-5c07-526e-aea9-bc3ded273579	1f2f0a42-7e2c-5047-a87b-0195d6ca1781	2024-09-29 18:43:44
5841	135	675	0b017330-f4da-5283-9771-b16cfb7b0c44	c00bdccb-6430-5699-916c-2b59639e74a7	2024-10-02 14:27:08
7127	1035	94	5e113d10-4928-5a5a-aa0d-2aee5332c4cb	3aa726b4-2e73-59e9-9741-0894df80837a	2024-10-12 16:49:20
6815	9	676	c96fae45-fa27-57de-8f83-0df076bfb1a1	82dcb617-3891-50ef-ae09-226c95f5f3c4	2024-10-16 01:37:41
5840	135	676	0b017330-f4da-5283-9771-b16cfb7b0c44	82dcb617-3891-50ef-ae09-226c95f5f3c4	2024-10-16 01:37:44
4115	596	676	143a8a92-c39c-5d8b-8891-d76d612071b1	82dcb617-3891-50ef-ae09-226c95f5f3c4	2024-10-16 01:37:49
6277	135	303	0b017330-f4da-5283-9771-b16cfb7b0c44	2cddf5ac-024a-5664-8f48-99572433a9e5	2024-10-21 22:20:46
7400	303	798	2cddf5ac-024a-5664-8f48-99572433a9e5	b3a4e441-d1fa-51ab-a6aa-a8b38959faf6	2024-10-22 00:33:18
6533	1035	8	5e113d10-4928-5a5a-aa0d-2aee5332c4cb	6b3cd71f-54ba-53bb-b59f-3bb01ba836a7	2024-11-05 20:13:36
4987	8	865	6b3cd71f-54ba-53bb-b59f-3bb01ba836a7	31f23a76-0ca9-5d8d-9c35-3f51a57a7621	2024-11-10 19:56:54
4623	9	865	c96fae45-fa27-57de-8f83-0df076bfb1a1	31f23a76-0ca9-5d8d-9c35-3f51a57a7621	2024-11-10 19:56:55
7096	596	865	143a8a92-c39c-5d8b-8891-d76d612071b1	31f23a76-0ca9-5d8d-9c35-3f51a57a7621	2024-11-10 19:56:56
5646	135	865	0b017330-f4da-5283-9771-b16cfb7b0c44	31f23a76-0ca9-5d8d-9c35-3f51a57a7621	2024-11-10 19:56:58
2327	775	62	ddf77a3f-fd93-569e-b8b5-a939a027c3de	aa86ec13-cda4-5710-ae29-8d9a80e36daa	2024-11-11 20:08:37
4468	195	62	bdf872ea-7e1e-5334-af7c-2ff76cdd8d46	aa86ec13-cda4-5710-ae29-8d9a80e36daa	2024-11-11 20:08:50
7372	848	62	cd3fd2a2-2c64-5da1-a36f-391be928e24a	aa86ec13-cda4-5710-ae29-8d9a80e36daa	2024-11-11 20:08:52
6438	135	505	0b017330-f4da-5283-9771-b16cfb7b0c44	c53b758e-441f-5daa-906f-6d8d289c4c6b	2024-11-12 14:14:21
7351	195	28	bdf872ea-7e1e-5334-af7c-2ff76cdd8d46	3a8ab839-f37f-5dfe-a821-6df477f9bdd5	2024-11-21 08:55:42
6536	1035	9	5e113d10-4928-5a5a-aa0d-2aee5332c4cb	c96fae45-fa27-57de-8f83-0df076bfb1a1	2024-11-26 14:25:14
4997	8	855	6b3cd71f-54ba-53bb-b59f-3bb01ba836a7	2467936f-4354-5825-a17b-f267a93d5ba8	2024-12-04 10:00:55
5450	4	855	4d8bc072-b862-53c8-8087-33912a0dedf9	2467936f-4354-5825-a17b-f267a93d5ba8	2024-12-04 10:00:57
5654	135	855	0b017330-f4da-5283-9771-b16cfb7b0c44	2467936f-4354-5825-a17b-f267a93d5ba8	2024-12-04 10:01:00
7105	596	855	143a8a92-c39c-5d8b-8891-d76d612071b1	2467936f-4354-5825-a17b-f267a93d5ba8	2024-12-04 10:01:02
4505	9	855	c96fae45-fa27-57de-8f83-0df076bfb1a1	2467936f-4354-5825-a17b-f267a93d5ba8	2024-12-04 10:01:33
5174	9	287	c96fae45-fa27-57de-8f83-0df076bfb1a1	aa77a125-efc2-5db7-8177-65c2e6abbd65	2024-12-07 14:44:50
1332	159	287	aa03e54b-4921-5001-abbe-1938b8664deb	aa77a125-efc2-5db7-8177-65c2e6abbd65	2024-12-07 14:45:01
6255	135	287	0b017330-f4da-5283-9771-b16cfb7b0c44	aa77a125-efc2-5db7-8177-65c2e6abbd65	2024-12-07 14:45:10
879	321	287	309bcb16-6b53-524c-9bd1-1eb76957be4d	aa77a125-efc2-5db7-8177-65c2e6abbd65	2024-12-07 14:45:17
2625	16	287	74cd75bc-0ba3-551f-bfe1-62e1b27472af	aa77a125-efc2-5db7-8177-65c2e6abbd65	2024-12-07 14:45:19
7745	9	1134	c96fae45-fa27-57de-8f83-0df076bfb1a1	bc84d43a-9d4b-5a85-b63a-5ff3c14a7340	2024-12-09 02:56:35
869	321	96	309bcb16-6b53-524c-9bd1-1eb76957be4d	d598c175-352c-521c-8d71-f98dfaaf7edf	2024-12-18 02:23:34
6055	135	96	0b017330-f4da-5283-9771-b16cfb7b0c44	d598c175-352c-521c-8d71-f98dfaaf7edf	2024-12-18 02:23:34
5116	9	96	c96fae45-fa27-57de-8f83-0df076bfb1a1	d598c175-352c-521c-8d71-f98dfaaf7edf	2024-12-18 02:23:35
7757	287	15	aa77a125-efc2-5db7-8177-65c2e6abbd65	65d4d6f6-876e-5499-96aa-c13ef73ef961	2024-12-18 22:57:38
6842	9	626	c96fae45-fa27-57de-8f83-0df076bfb1a1	5eb0982d-9ceb-5a65-9b27-33a5fba3f525	2024-12-20 16:25:09
5889	135	626	0b017330-f4da-5283-9771-b16cfb7b0c44	5eb0982d-9ceb-5a65-9b27-33a5fba3f525	2024-12-20 16:25:10
3009	16	626	74cd75bc-0ba3-551f-bfe1-62e1b27472af	5eb0982d-9ceb-5a65-9b27-33a5fba3f525	2024-12-20 16:25:13
7785	137	195	7bace71d-82c5-5910-8f21-fcd738c14438	bdf872ea-7e1e-5334-af7c-2ff76cdd8d46	2024-12-23 16:35:42
7584	8	1065	6b3cd71f-54ba-53bb-b59f-3bb01ba836a7	5658cc50-9f70-56f5-a086-1dbb955aec70	2024-12-24 18:47:05
2237	735	361	1ccc5742-6683-5ce4-a41b-48882b0e481d	b421257c-75fb-53fd-9f35-7737e0252245	2025-01-05 23:17:30
2241	735	502	1ccc5742-6683-5ce4-a41b-48882b0e481d	e270c326-2bd0-5010-8318-c707fca5d3dd	2025-01-06 03:27:48
6540	1035	243	5e113d10-4928-5a5a-aa0d-2aee5332c4cb	8cf70cb8-3b65-5f77-8d09-7037471d622e	2025-01-11 01:24:55
7668	242	915	1f2f0a42-7e2c-5047-a87b-0195d6ca1781	3f611e1d-1b38-5030-963b-88ccf1d4762b	2025-01-12 19:57:35
7758	287	456	aa77a125-efc2-5db7-8177-65c2e6abbd65	a097f115-1402-5f68-81ac-28b1eb179e04	2025-01-19 20:52:30
8473	13	675	70e12e6c-98e3-57b2-8975-4d3156a3d327	c00bdccb-6430-5699-916c-2b59639e74a7	2025-01-19 22:39:49
2227	735	562	1ccc5742-6683-5ce4-a41b-48882b0e481d	77a7061b-4ba9-5e91-9d02-cb4e4a82f659	2025-01-20 00:28:38
8024	8	96	6b3cd71f-54ba-53bb-b59f-3bb01ba836a7	d598c175-352c-521c-8d71-f98dfaaf7edf	2025-01-20 15:22:19
8414	1119	96	32a9364c-e54d-503d-8591-6120190936e8	d598c175-352c-521c-8d71-f98dfaaf7edf	2025-01-20 15:22:22
6770	9	742	c96fae45-fa27-57de-8f83-0df076bfb1a1	986772ad-f998-5d89-8aa2-c94e9092deea	2025-01-23 02:06:55
5779	135	742	0b017330-f4da-5283-9771-b16cfb7b0c44	986772ad-f998-5d89-8aa2-c94e9092deea	2025-01-23 02:06:57
3054	16	742	74cd75bc-0ba3-551f-bfe1-62e1b27472af	986772ad-f998-5d89-8aa2-c94e9092deea	2025-01-23 02:06:59
8193	1119	676	32a9364c-e54d-503d-8591-6120190936e8	82dcb617-3891-50ef-ae09-226c95f5f3c4	2025-01-23 12:31:59
7754	287	142	aa77a125-efc2-5db7-8177-65c2e6abbd65	ff66d6e3-7aaa-5cbd-aa84-d0accf92a9e0	2025-01-24 22:21:28
2246	735	589	1ccc5742-6683-5ce4-a41b-48882b0e481d	96c6605d-223b-53d8-b401-4c99b6e59484	2025-01-28 19:27:31
9163	1225	195	b5150aed-1a2f-5a90-b2b4-4f31c3540f2e	bdf872ea-7e1e-5334-af7c-2ff76cdd8d46	2025-01-31 16:17:30
8136	1119	195	32a9364c-e54d-503d-8591-6120190936e8	bdf872ea-7e1e-5334-af7c-2ff76cdd8d46	2025-01-31 16:17:31
8615	1119	242	32a9364c-e54d-503d-8591-6120190936e8	1f2f0a42-7e2c-5047-a87b-0195d6ca1781	2025-02-03 01:03:57
9188	195	156	bdf872ea-7e1e-5334-af7c-2ff76cdd8d46	e8551614-0690-52dd-8033-df5b7ec04e93	2025-02-06 18:17:03
4470	195	217	bdf872ea-7e1e-5334-af7c-2ff76cdd8d46	dda9852d-0b10-5750-b53d-3e122bb057a1	2025-02-14 17:35:10
4688	9	532	c96fae45-fa27-57de-8f83-0df076bfb1a1	1b42cfe1-1395-5082-998c-d69a0750010e	2025-02-14 18:56:09
8676	1119	532	32a9364c-e54d-503d-8591-6120190936e8	1b42cfe1-1395-5082-998c-d69a0750010e	2025-02-14 18:56:10
8656	1119	505	32a9364c-e54d-503d-8591-6120190936e8	c53b758e-441f-5daa-906f-6d8d289c4c6b	2025-02-19 21:01:20
9483	578	742	811d7375-cc15-5c9e-b7b1-f87f55c7a5e2	986772ad-f998-5d89-8aa2-c94e9092deea	2025-04-12 12:44:13
8448	1119	1065	32a9364c-e54d-503d-8591-6120190936e8	5658cc50-9f70-56f5-a086-1dbb955aec70	2025-05-14 20:36:02
1573	84	128	44437c81-4f0e-5d15-951f-96235faa23bc	c5614ddc-d06d-551c-bd74-68ab41269d66	2025-05-16 21:26:10
9858	195	186	bdf872ea-7e1e-5334-af7c-2ff76cdd8d46	2b60932e-bf91-56b4-bcd1-f0cf0880f5ff	2025-06-05 12:30:56
2230	735	181	1ccc5742-6683-5ce4-a41b-48882b0e481d	15b93ba7-d515-5aa5-90b2-7d217e303ed8	2025-06-13 08:05:27
7760	287	564	aa77a125-efc2-5db7-8177-65c2e6abbd65	bbf3626d-f75a-59d4-9f3e-865d255b6152	2025-06-13 10:47:44
8175	1119	471	32a9364c-e54d-503d-8591-6120190936e8	8f803178-3808-5a98-95f8-d125da7362b7	2025-06-17 12:01:48
5249	8	1000	6b3cd71f-54ba-53bb-b59f-3bb01ba836a7	aa7c41b6-7c70-5bcc-85c2-bd2be9cd07e7	2025-06-30 16:15:25
5327	4	1000	4d8bc072-b862-53c8-8087-33912a0dedf9	aa7c41b6-7c70-5bcc-85c2-bd2be9cd07e7	2025-06-30 16:15:29
6876	9	1000	c96fae45-fa27-57de-8f83-0df076bfb1a1	aa7c41b6-7c70-5bcc-85c2-bd2be9cd07e7	2025-06-30 16:15:30
6975	596	1000	143a8a92-c39c-5d8b-8891-d76d612071b1	aa7c41b6-7c70-5bcc-85c2-bd2be9cd07e7	2025-06-30 16:15:33
8947	1119	1000	32a9364c-e54d-503d-8591-6120190936e8	aa7c41b6-7c70-5bcc-85c2-bd2be9cd07e7	2025-06-30 16:15:35
5518	135	1000	0b017330-f4da-5283-9771-b16cfb7b0c44	aa7c41b6-7c70-5bcc-85c2-bd2be9cd07e7	2025-06-30 16:15:37
10029	195	803	bdf872ea-7e1e-5334-af7c-2ff76cdd8d46	44b6abec-a458-51a8-a0e4-30b278645e16	2025-07-09 22:16:50
9462	597	195	1576c976-9024-5636-8b0a-3a75dcb4a0de	bdf872ea-7e1e-5334-af7c-2ff76cdd8d46	2025-07-10 14:02:00
9333	709	195	d1dcd4ae-3f31-5ff8-b1fa-c15074fdefec	bdf872ea-7e1e-5334-af7c-2ff76cdd8d46	2025-07-10 14:02:02
10016	113	195	c762d0fa-e320-5f92-9b76-b0c5dba479f4	bdf872ea-7e1e-5334-af7c-2ff76cdd8d46	2025-07-10 14:02:03
4384	9	376	c96fae45-fa27-57de-8f83-0df076bfb1a1	f5d300c2-b19a-55a9-a845-cdb5fdbc3885	2025-07-16 14:57:03
8767	1119	376	32a9364c-e54d-503d-8591-6120190936e8	f5d300c2-b19a-55a9-a845-cdb5fdbc3885	2025-07-16 14:57:06
6325	135	376	0b017330-f4da-5283-9771-b16cfb7b0c44	f5d300c2-b19a-55a9-a845-cdb5fdbc3885	2025-07-16 14:57:08
3117	16	376	74cd75bc-0ba3-551f-bfe1-62e1b27472af	f5d300c2-b19a-55a9-a845-cdb5fdbc3885	2025-07-16 14:57:09
8557	1119	84	32a9364c-e54d-503d-8591-6120190936e8	44437c81-4f0e-5d15-951f-96235faa23bc	2025-07-28 11:29:33
2565	16	84	74cd75bc-0ba3-551f-bfe1-62e1b27472af	44437c81-4f0e-5d15-951f-96235faa23bc	2025-07-28 11:29:34
4959	8	896	6b3cd71f-54ba-53bb-b59f-3bb01ba836a7	fed1b29d-4713-533b-8edf-965ebc13fee6	2025-08-01 22:50:01
5417	4	896	4d8bc072-b862-53c8-8087-33912a0dedf9	fed1b29d-4713-533b-8edf-965ebc13fee6	2025-08-01 22:50:02
7073	596	896	143a8a92-c39c-5d8b-8891-d76d612071b1	fed1b29d-4713-533b-8edf-965ebc13fee6	2025-08-01 22:50:03
4542	9	896	c96fae45-fa27-57de-8f83-0df076bfb1a1	fed1b29d-4713-533b-8edf-965ebc13fee6	2025-08-01 22:50:08
5616	135	896	0b017330-f4da-5283-9771-b16cfb7b0c44	fed1b29d-4713-533b-8edf-965ebc13fee6	2025-08-01 22:50:09
9918	9	1407	c96fae45-fa27-57de-8f83-0df076bfb1a1	438db892-f2f5-5d42-b2b0-1aa01b168183	2025-08-18 21:48:03
8360	1119	953	32a9364c-e54d-503d-8591-6120190936e8	32511023-a82b-57b5-894f-c774ffec2ecc	2025-09-28 15:47:38
7759	287	92	aa77a125-efc2-5db7-8177-65c2e6abbd65	9100eb89-f02b-5ead-b9e8-4ccaa3de0b3a	2025-10-23 01:47:10
9997	4	675	4d8bc072-b862-53c8-8087-33912a0dedf9	c00bdccb-6430-5699-916c-2b59639e74a7	2025-11-03 14:55:15
5076	8	760	6b3cd71f-54ba-53bb-b59f-3bb01ba836a7	07a5e7ea-4325-59f4-bb3c-350e6271bbbb	2025-12-15 23:40:34
6728	9	760	c96fae45-fa27-57de-8f83-0df076bfb1a1	07a5e7ea-4325-59f4-bb3c-350e6271bbbb	2025-12-15 23:40:45
5730	135	760	0b017330-f4da-5283-9771-b16cfb7b0c44	07a5e7ea-4325-59f4-bb3c-350e6271bbbb	2025-12-15 23:40:52
11393	1814	135	423c58c3-13c7-57f5-8901-e6ab55877c98	0b017330-f4da-5283-9771-b16cfb7b0c44	2026-04-07 16:17:18
11437	1830	1617	b1acf0ea-552a-5338-8a4b-f42cf18d107b	5c4eb4a4-0110-563d-86bd-35dcaee1f9e2	2026-04-25 02:32:58
11418	1830	1270	b1acf0ea-552a-5338-8a4b-f42cf18d107b	4d8c8807-ca62-5327-8902-426896ebdc3f	2026-04-25 03:14:12
11427	1830	1186	b1acf0ea-552a-5338-8a4b-f42cf18d107b	694a7282-5016-5bac-99e2-3659cdafc2b2	2026-04-25 12:14:48
11417	1830	13	b1acf0ea-552a-5338-8a4b-f42cf18d107b	70e12e6c-98e3-57b2-8975-4d3156a3d327	2026-04-25 17:16:13
11413	1830	135	b1acf0ea-552a-5338-8a4b-f42cf18d107b	0b017330-f4da-5283-9771-b16cfb7b0c44	2026-04-25 17:35:28
11419	1830	46	b1acf0ea-552a-5338-8a4b-f42cf18d107b	88d360cf-3429-5c8d-aac5-d28e3ec321bb	2026-04-26 02:17:34
11538	1605	1830	803d6ead-3a10-55b1-8529-b480718147e7	b1acf0ea-552a-5338-8a4b-f42cf18d107b	2026-04-27 17:16:10
11573	1605	1816	803d6ead-3a10-55b1-8529-b480718147e7	6245b881-9a78-5a94-a2b6-4eecc436a3f4	2026-04-27 18:38:03
11422	1830	787	b1acf0ea-552a-5338-8a4b-f42cf18d107b	2a13edbd-0c15-535b-ac23-fdac42842032	2026-04-27 19:04:38
11566	1605	1825	803d6ead-3a10-55b1-8529-b480718147e7	af1a3ad6-eb7a-5ce8-a002-501a266dc03e	2026-04-27 20:14:37
11539	1605	1808	803d6ead-3a10-55b1-8529-b480718147e7	e407384e-ba10-5585-8f33-7314fc80ca07	2026-04-27 21:48:20
11580	1605	1815	803d6ead-3a10-55b1-8529-b480718147e7	3383f083-3447-552d-94d2-4a3f01b5f6d3	2026-04-28 01:51:00
11569	1605	1820	803d6ead-3a10-55b1-8529-b480718147e7	e7606cd8-cc38-5ec4-acb3-360fda5d4058	2026-04-28 10:13:59
11423	1830	905	b1acf0ea-552a-5338-8a4b-f42cf18d107b	36823350-aacf-59ba-ae91-4e803bca7316	2026-04-28 22:13:04
11585	1605	1805	803d6ead-3a10-55b1-8529-b480718147e7	48029ada-2c33-57b8-abf5-9f2acae7d783	2026-04-29 05:03:48
11568	1605	1821	803d6ead-3a10-55b1-8529-b480718147e7	414e4dd8-9dc9-52f0-8d36-fb73b9d2193d	2026-04-29 11:52:05
11577	1605	1812	803d6ead-3a10-55b1-8529-b480718147e7	32b8620c-836e-5e65-9341-bfc3222188d5	2026-04-29 12:46:16
11430	1830	1413	b1acf0ea-552a-5338-8a4b-f42cf18d107b	a017cf95-224c-57dd-a392-641af3a0a81c	2026-05-01 01:28:18
11719	1861	99	fb341eef-be46-5383-9a46-38896f1bfd84	824f1c06-26a5-5c50-9769-0ea90370a2ee	2026-05-08 13:00:23
11715	1861	717	fb341eef-be46-5383-9a46-38896f1bfd84	99d519ed-846c-5295-8d47-44a74537f8f8	2026-05-08 14:14:09
11718	1861	135	fb341eef-be46-5383-9a46-38896f1bfd84	0b017330-f4da-5283-9771-b16cfb7b0c44	2026-05-08 14:56:15
11586	1605	1806	803d6ead-3a10-55b1-8529-b480718147e7	e16b00d9-f8d0-541a-82e7-6bd62d1fd32c	2026-05-09 13:30:58
11726	1863	1862	79b93b9e-91cf-5bb9-bdc6-827e298e82a7	afeffd27-9d3d-573b-b85a-f86010bf2e9c	2026-05-11 02:04:01
11583	1605	1807	803d6ead-3a10-55b1-8529-b480718147e7	a4812a0c-0f5f-50d0-ace5-f4cb5ce9829d	2026-05-11 04:37:47
11570	1605	1819	803d6ead-3a10-55b1-8529-b480718147e7	467851bb-fe6d-5663-ba9d-6bf75de50d7d	2026-05-12 15:36:52
11791	1844	109	3d8ddd3c-dc05-59ae-8a19-06c5f09328bc	e89b2784-15f1-593d-9278-7a71eb0a229b	2026-05-14 22:22:19
11579	1605	1810	803d6ead-3a10-55b1-8529-b480718147e7	b1ecdde3-3ae3-5d29-adbd-f6930ec1e4b3	2026-05-19 00:21:25
11720	1861	1153	fb341eef-be46-5383-9a46-38896f1bfd84	e66eae15-de44-523b-92e8-c6ac7f38a265	2026-05-23 12:51:42
11800	1825	269	af1a3ad6-eb7a-5ce8-a002-501a266dc03e	ac29e86c-a19c-5458-999d-f1fd42102e1a	2026-05-27 17:55:25
11816	1830	42	b1acf0ea-552a-5338-8a4b-f42cf18d107b	626b0e10-031a-58e5-baf5-0214f3028f8f	2026-06-01 16:07:42
11429	1830	31	b1acf0ea-552a-5338-8a4b-f42cf18d107b	c269b5ca-37ac-5e0a-a17d-caf25eafbaef	2026-06-02 03:33:02
